Frase_Español,Traduccion_Ódami
hola,xiórai
gracias,jóxi
adiós,dhiosai
agua,suudagi
sol,tásai
luna,masâdai
casa,báki
perro,gogóxi
gato,mikithu
comida,kuadagai
trabajo,jataduindhagai
familia,girri bittarri
madre,dhaada
padre,oodi
hermano,xiigi
hermana,ökixi
niño,arhi
niña,arhi
hombre,kï'irhi
mujer,öki
amigo,urrābidhikami
tierra,dïbï ïrrai
cielo,tibági
fuego,daadï
árbol,igodïrhi
flor,yooxigai
camino,booi
pueblo,oidhâgirri
maíz,junrui
frijol,bhābi
calabaza,igótha
buenos dias,jikiamoko xiabugai
buenas tardes,urrūnoko xiabugai
buenas noches,tukági xiabugai
¿cómo estás?,xi dukātai
estoy bien,aani kīgādu
¿qué es esto?,xi tuidhimo ogó
te quiero,aani xi agai
vamos a casa,gooka báki duuki
tengo hambre,aani bhaibuxthaama
tengo sed,aani tonôkoja
vamos a comer,gooka kuadagai duuki
muchas gracias,jóxi bixkatai
hasta mañana,xiorroko duuki
habas,aabaxi
y diga,aagada
diga,aagaiñi
dígale,aagidhaiñi
alas,aana
tiene alas,aana
de la ala,anadï
de la ala,kikiodï
yo,aanï
tú,aapi
piojo,aatïi
bagre,aaxi
llegó,aayi
ixtle,aborrai taidhiï
abril,abrril
calzón tradicional,achagai
víbora de cascabel,adágai
está completo,aëkami
quiere,ágai
va a querer,pïrhiada agai
complétalo,aithuldhaiñi
anda,aimïrrai
ana (nombre propio),ana
ustedes,apimu
así,apodukai
niños,arhi
niñas,arhi
armadillo,arhiburhi
arroz,arros
pitahaya,asañi
petaca,asarrai
canasta,asarrai
nosotros,atïmï
nosotras,atïmï
burro,axñithu
salta pared (ave pequeña),babaithuxi
en el rincón,babaixionana
barranco,babáski
lugar con clima cálido,babáski
en el barranco,babaskiïrrï
babiza (planta curativa),babisa
mapache,babisurhi
chuchupate (planta curativa),babíxi
reliz,bábui
tejón,babúkai
en baborigame (árbol chalate),babúrhiana
se divierte,bagiamï ïbuai
fiesta,bagími
codorniz,baiborhi
invitación,baidhi
tres,baika
avión,baiñiomi úrrugi
maíz germinado para tesgüino,bakátïki
casas,bábhaki
chanate,bakírru
bule,bákoi
garza,bakóñi
está lavando,bákuanai
atole,bakulthi
culebra zorrilla,bakúsurhi
zancudo,bámugai
moyote,bámugai
sombrero,banámui
sombreros,bápanamui
lombriz,banómadagai
tiene miel,bapáigai
con miel,bapaigami
en los fierros,bapaiñomiïrrï
el caldo,barrádï
levadura en planta para tesgüino,básoi monai
levadura en planta para tesgüino,baxitobarrai
zacate,básoi
anteayer,bastakábu
sebastián,bastian
caña,baugadï
caña,baëgadï
roberto,beeto
bertha,berta
tiene,bia
tenía,biakatadai
tabaco,bíbai
leche,bíbhai
la leche de,biibhadï
programa (contenido),bídhikami naanamaaxi
torcedor de lana,bidhíñakarrui
rojo,bïgíkami
rojos,bïpïïgikami
anaranjado,bïgíkorhigami
bienes,biidha
pertenencias,biidha
le voy a dejar,biidha añagai
falta,biïga
de a cuántos,bï ïjïki
ortiguilla,biijïrhi
¿cuánto?,bï ïki
¿cuántos son?,bï ïkidhiua
¿con cuánto?,bï ïkikïdï
siempre,bï ïkïrrï
sabroso,bï ïñiga
¿está sabroso?,bïïñigaixi
grano,bï ïrhi
por todos lados,bï ïxi aipáco
todo,bï ïxi
entre todos,bïxkatai
todos (personas),bïxkatai
glándulas mamarias,bípi
medida,bïpïabidhakarroi
golondrina,bipídhamurhi
relámpago,bïpïdorhi
avispa,bipíxi
avispa,kixiobarhi
cicatriz,birrósoñi
tarántula,bisorhi
tarántula,okai
para eso,bïtárrï
para él,bïtárrï
está bueno,bïïñiga
está delicioso,bïïñiga
acompañado de alimentos,bixiudarrai
chupetea,bixiusumai
todo el tiempo,bïxkïrrï
animales domésticos,bïxthaki
cosas de alguien,bïxthuidhadï
barrió,bóixi
buey,boixi
bueyes,bopoixi
escoba,boixikarrui
basura,boixiki
¿se acostó?,boiyixi
vocal,bokaarhi
oso,booji
estómago,booka
quién,boorrï
¿y quién es?,boorrï jïgai
de la pluma,bopódï
lana,bópoi
pelo,bópoi
lanudo,bopósarhi
lanudo,bopósarra
tomatillo,bopósorhi
ratón,bosïki
ratones,bopósïki
gusano,botópadagai
pescado,botópai
abuelo paterno,boxíka
trajo,bua
los que hacen,buadámi
fabricador,buadámi
hace,buaiyi
amarillo,buamakami
juan,buan
cristalino,buañixíkami
limpio,buañixíkami
sacan,bubaidhi
saco,bubaithu
salen,bubákïi
cara,buibasui
gavilán cola canela,buibhi
gavilán cola canela,bujíbhi
pinacate,buibịta
ojo,búji
chabacano,chabakanu
poco,chiïki
de a pocos,chiïchiïki
son más pocos,chiïkidhioma
más poquitos,chiïkioma
no (negación),choo
cosas,chumaaxi
voló,daa
va volando,daigi
nariz,daaka
de la nariz,daakadï
en la nariz,daakadïrrï
encima,daama
lizo,daapaka
poner,daasa
ponerle,daaxidha
póngale,daaxidhaiñi
emendado,daaxidhi
remendado,daaxidhi
brinca,dadaëyi
salta,dadaëyi
nakiburhi,dadáixi
siéntese,daibaiñi
sentó,daiba
sentado,dája
estese sentado,dákaiñi
ha estado sentado,dákana
se sentaron,darraiba
pasó,daibusai
le impide,daidhi
y luego,daidhiï
puso,daiyi
bancas,darráibakarrui
los va a poner,darrása agai
déjalo,dasaiñi
en la tierra,dïbïïrrïrrï
tigre,dïdï ïbïrhi
de la mamá,dï ïdï
fumó,dï ïdïi
agujero,dïïgai
hoyo,dïïgai
en el agujero,dïgákïrrï
rata,dïïgi
arroyo,dï ïkagi
en el arroyo,dï ïkagïrrï
llano,dijoi
llano,dhoi
crudo (de comida),dóji
está crudo,dooji
crudos,doojikami
dolores (nombre propio),dorrorhi
bebida,duadhigami
medicina,duadhigami
está asustado,duadhimuka
se asustó,duadhimu
que lo irá a hacer,duiñímuko ogó
hizo,duiyi
está hecho,duñíxi
hazlo,duuñiñi
ejemplo,dukámi
¿cómo?,dukátai
sanguijuela,dupixi
durazno,durráxi
se atascaron,duudupi
se hundieron,duudupi
chabochi,duukami
chabochi,obhai
mestizo,duukami
mestizo,obhai
señas de lluvias,duuki tatarradï
lluvia,duuki
en la lluvia,duukiïrrï
está lloviendo,duukui
llovía,duukuithadai
que llueva,duudukïna
¿qué le hago?,duunana
¿qué le va a hacer?,duuñia agai
mamá,dhaada
diablo,dhiaborra
vino (de venir),dhíbia
dígale adiós,dhiosagidhaiñi
dios,dhiuxi
búsquenlo,gaagabïrrai
busca,gaagai
búscaselo,gaagidhaiñi
arco,gaatoi
rifle,gaatoi
tázcate,gaayi
flaco,gakíñi
se sacó,gakíxa
secado,gakíkami
garbanzo,garbansu
cinto de lana,gibúrrai
faja de lana,gibúrrai
saltamontes,gïgïrrï sooyi
sauz,gïï tïbïrhi
tuyo,gï ï tuidhaga
iguana,gï ï tuxíbagi
iguana,gï ï tuxíburhi
lucero,gïï xiabugai
kaburhiki,giidhi
es grande,gï ïdu
el grande,gï ïdukïdï
con los grandes,gï ïgïrrokïdï jïmádo
palma grande,gï ïgïrrï kurrui
cordones,giigidhiï
muchacho,gï ïrhi
lo crió,gï ïrhi
crece,gï ïrrai
creció,gïï
cayó,gïiyi
mi,gin
violín,githarrui úxi
el,go
lo,go
las,go
los,go
el mundo,go oidhigi
perros,googoxi
dos,gooka
entre dos,gookatai
atrás,gookiana
huella,gookidhiï
después,gookiïrrï
guamuchil,guamúxirhi
está cortando,guikumai
hueso de elote,ibíri
tuétano,ibíri
con tuétano,ibírigami
puro tuétano,ibírigorrï
machín,ibísarri
guayaba,ibótha
carrizos,igodïrhi
en el carrizo,igodïrhiïrrï
elote,igósi
los elotes,igósi
en el elote,igósïrrï
huitlacoche,igósïrrï borobó
guaje,igúaxi
calabaza (variedad silvestre),iguxí
izote,ihíra
maguey,ihíra
sacate de burro,ihírabarhi
sacate,ihírabarhi
en el maguey,ihíraïrrï
espina de maguey,ihíra kïdï
maguey pulquero,ihíra muba
espadín,ihíra muba
cabello,iibói
cabellos,iibói
en el cabello,iibóïrrï
oreja,iidhi
orejas,iidhi
en la oreja,iidhiïrrï
ojos,iijí
en el ojo,iijíïrrï
párpado,iijí bïdï
ceja,iijí bïdï
en la nariz,iikáïrrï
diente,iimú
dientes,iimú
en el diente,iimúïrrï
muela,iimú
lengua,iinï
en la lengua,iinïïrrï
paladar,iinï
labio,iinï
boca,iinï
en la boca,iinïïrrï
barba,iinï
mentón,iinï
hombro,iipó
en el hombro,iipóïrrï
codo,iipó
mano,iipó
en la mano,iipóïrrï
dedo,iipó
uña,iipó bïdï
uña de animal,iipó bïdï
pierna,iirú
en la pierna,iirúïrrï
rodilla,iirú
pie,iirú
en el pie,iirúïrrï
talón,iirú bïdï
planta del pie,iirú bïdï
espinilla,iirú bïdï
muslo,iirú bïdï
espalda,iithí
en la espalda,iithíïrrï
cintura,iithí
nuca,iithí
pecho,iithí
en el pecho,iithíïrrï
corazón,iithí
vientre,iithí
ombligo,iithí bïdï
costilla,iithí bïdï
hígado,iithí bïdï
riñón,iithí bïdï
bazo,iithí bïdï
pulmón,iithí bïdï
vejiga,iithí bïdï
intestino,iithí bïdï
matriz,iithí bïdï
testículo,iithí bïdï
hueso,iithí bïdï
carne,iithí bïdï
piel,iithí bïdï
cuerda,kaadï
mecate,kaadï
en la cuerda,kaadïïrrï
corral,kaadï
penca,kaagï
penca de maguey,kaagï
en la penca,kaagïïrrï
olla,kaaka
olla de barro,kaaka
en la olla,kaakaïrrï
manta,kaaka
manta de algodón,kaaka
en la manta,kaakaïrrï
zapote,kaaka
zapote prieto,kaaka
en el zapote,kaakaïrrï
cera,kaami
cera de abeja,kaami
en la cera,kaamiïrrï
guitarra,kaarhi
en la guitarra,kaarhiïrrï
madera,kaarhi
en la madera,kaarhiïrrï
cuerda de violín,kaarhi
tripa,kaarhi
en la tripa,kaarhiïrrï
pluma,kaaxi
en la pluma,kaaxiïrrï
ala,kaaxi
en el ala,kaaxiïrrï
tela,kaaxi
en la tela,kaaxiïrrï
nube,kaaxi
en la nube,kaaxiïrrï
en la luna,kaaxiïrrï
estrella,kaaxi
en la estrella,kaaxiïrrï
en la flor,kaaxiïrrï
planta,kaaxi
en la planta,kaaxiïrrï
hoja,kaaxi
en la hoja,kaaxiïrrï
fruta,kaaxi
en la fruta,kaaxiïrrï
verdura,kaaxi
en la verdura,kaaxiïrrï
en el maíz,kaaxiïrrï
semilla,kaaxi
en la semilla,kaaxiïrrï
loma,laabï
en la loma,laabïïrrï
subida,laabï
en la subida,laabïïrrï
luz,laadï
en la luz,laadïïrrï
en el fuego,laadïïrrï
vela,laadï
en la vela,laadïïrrï
candil,laadï
en el candil,laadïïrrï
foco,laadï
en el foco,laadïïrrï
lámpara,laadï
en la lámpara,laadïïrrï
linterna,laadï
en la linterna,laadïïrrï
lumbre,laadï
en la lumbre,laadïïrrï
leña,laadï
en la leña,laadïïrrï
lumbre prendida,laadï
en la lumbre prendida,laadïïrrï
lumbre apagada,laadï
en la lumbre apagada,laadïïrrï
llama,laadï
en la llama,laadïïrrï
lengua de fuego,laadï
en la lengua de fuego,laadïïrrï
llama pequeña,laadï
en la llama pequeña,laadïïrrï
lengua de fuego pequeña,laadï
en la lengua de fuego pequeña,laadïïrrï
mezcal,maai
le da,maajai
¿cuál?,maakidi
cuatro,maakoba
crías,maamarradi
hijos,maamarradi
garrapata,maamasui
tía,maamasurhi
tía,bobolitha
margarita,maarrathi
que conozca,maatiiñi
aprende,maatiiñi
sabes,maatipixí
cómo se ve,maaxi
cómo es,maaxi
de qué color es,maaxikami
cómo irá a ser después,maaxikamu
márquelo,maaxithudaiñi
señale,maaxithudaiñia
marque,maaxithudaiñia
señal,maaxiadï
marca,maaxiadï
se ve,maaxixi
león,mabidhiï
no sabe,maimati
está golpeado,maihi
no te duermas,maithi kooxi
ganó,maithi
no lo halló,maithiï
no es,maithirri
tábano,mamaibogai
ocho,mamákoba
de las ramas,mamárradi
alicante,mamárroi
culebra pollera,mamárroi
le enseña,mamâtildhi
maestro,mamâtildhidami
aprendió,maiyi
aprendo,mamâtii aani
manuel,manirra
juana,marhbuana
amalia,márhia
parió,márrai
maría,marriya
manzana,masaana
manzanas,masasana
dedo,masâbi
dedo,masâki
cal,mâtai
ceniza,mâtai
nixtamal,mataindai
torta de elote,maturhiaxi
ciempiés,mayôgai
ciempiés,majjogai
cerca,miadïi
pásele,miadïi
que se acerca algo,miadïimi
se quemó,mii
se está quemando,mitijimi
productivo,miidhaldhikami
abundaron,miidha
allá,mi'ika
abeja,m'i'mibai di'idi
lejos,mikâxi
de lejos,mikâxidhirri
panal,mimibai
va corriendo,mimirrai
corrió,mii
domingo,mingu
borreguito,misurhi
borreguito,mirruxi
módulo,modulo
esquiate,momôithi
cabeza,moo
quelites de agua,moomomai
mochomos,moomosarhi
viruela,moosorhi
morral,morrárhi
lo mató,mua
mosca,mubarhi
mosca,nubarhi
son muchos,muidhiuaba
se irá a morir,mukimuku
cazador,mumuabukidami
metate,muturrai
en el metate,muuturriana
muerto,mukkadi
la muerte,mukkidhagai
tortuga,muurhi
espigando,muurradakami
muchos,müyi
pez de matalote,nabuyi
pez de matalote,omorhi
seis,naddami
ponga lumbre,naddiñi
oreja,naaka
murciélago,naakamurhi
le gusta devorar,naakii
musarañas,naanakii ibuai
son diferentes,naanamaaxi
terminalo,naatoiñi
va a terminar,naatua ágai
tesguino,nabaithi
tuna,náboi jibhiadi
nopal,náboi
algo que flota,naigirridami
flota,naigirrii
se cuelga,naigirrii
tiene aretes,nakâgiga
arete,nakaigi
aretes,nanâkagi
alacrán,nakásarrai
está caro,namiga
canción,niidhagai
mira,niidhaiñi
observa,niidhaiñi
observe,tigithokai niidha
véalo,niidhaiñi
lo que está viendo,niidhi
patio de ceremonias,niikarroi
en el patio de ceremonias tradicionales,niikarroana
volaron,ni'inii
despiértase,ni'násirridaiñi
mano,nöbi
manos,noonobi
preñada,nonoaka
huevo,nönoi
trucha,noobarhi
se regresaron,noonorra
se fueron a su hábitat,noonorra
está curveado,noorhifi
cuñado,nooxi
lo empujo,nuithuka
está empujado,nuithuki
empujado,nuithuxi
presión,nuithuxidhi
aura,nuiyi
del hígado,numádi
cuida,nuukada
cuidando,nuukada
cuidar,nuukadagi
lo está cuidando,nuukadaka
está cuidado,nuukadhi
ahí,niobai
habla,niokai
él habla,nioki
para hablar,niokidhagai
le hablo,niokidhi
de la palabra,niokidhiï
mi mujer,niomiga
mi esposa,niomiga
sesos,ohâgadi
cigarrillo,obâtiki
vive,obhaga
vive,oohhaga
los que viven en esa casa,obhakami
los que viven en esa casa,oidhakami
gente,ödami
tepehuano,ödami
había,odhâkatadai
lágrimas,ögadi
tiene lágrimas,oga
izquierda,ogïxiapadirri
ese,ogôbai
hay,oidhâga
vivienda,oidhâgirri
comunidad,oidhâgirri
sígalo,oidhaiñi
vete con él,oidhaiñi
perro del monte,oidhigana gogooxi
jabalí,oidhigana taixorhi
en el monte,oidhigana
espina,oigadi
palma,oiyi
le regalo,oiyii
escriba,öjaini
escrito,ojarragai
está escrito,öjixi
lo escrito,öjixikami
mujeres,ooki
hembra,okïladi
la hembra,okidhaga
es valiente agresivo,omarhiya
salado,onabidhi yoomadhi
sal,onai
papá,oodi
del papá,oogadi
escribe,oojai
gota,ooxi
alamillo,opoyi
juego del cuatro,orhixi
arena,orrai
bola de madera,orróxi
gota de agua,óxi
está goteado de agua,óxidhi
de la gota de agua,óxidhiï
andaban,oyôpatthadai
caminaban,oyôpatthadai
paula,páborra
pablo,páborra
hielo,papaiforhi
agua sólida,papaiforhi
en el papel,paperhiiiri
en el cuaderno,paperhiiiri
sabor agradable,parriankaja
a pasear,paxiarhimu
pera,perra
petra,péterra
se hizo,pïduiyi
se transformó,pïduiyi
pedro,piidhiurru
pollitos,pipixiurhi pipixi
pinto,pinthugami
chuparrosa,pipiki
chuparrosa,bipïxi
colibrí,pipiki
colibrí,bipïxi
va a querer,pirhida agai
fresno,pithagi
chichimoco,pixirhi
plátano,platanu
así dijo,podlukai
así iba diciendo,potïiyi
así iba diciendo,pojâidhâ
en la cintura,purranirri
entre las plantas (milpas),saaqidha
horqueta,saqaraka
compró,sabirhi
sabino,sabino gayi
isabel,sabira
josé,saikurro
pegárselo,saithuldhaiñi
aceitilla (planta),sakipi
en el salón,salónirri
salón de,salooñi
sonaja,samuidhakarrui
palmilla para sombrero,saubarhi
hamaca,saurrugi
columpio,saurrugi
planta comestible,siidirhi
es cierto,sirihikidi
derecha,sirihixapadirri
gesto de desagrado,siiiraka
lobo,siiyi
chaloté (animalito parecido a la rata),sïnhiki
es de él,solgadi
dueño de...,solgadi
le ayuda,soikii
le ayudaba,soikiithadai
ayúdenle,soihabirrai
aliso (árbol),sojárrai
concha,sokôburhi
concha,komîdhii
caracol,sokôburhi
junto a él,sonoana
tronco,sonôdi
caderas,soobha
lienáre,soogidi
sopa,soopa
chapulin,sooyi
chapulines,soosoyi
moco,sôsoi
va llorando,suakimi
va a llorar,susuakia agai
cobija,suayi
venado,suimarhi
matavenado (araña),suimarhi muadakami
hermano menor,sükurhi
guarache,sükakai
guaraches,susuuksakai
con el agua,suudagikidi
en el agua,suudarri
derritió,suudaithiirrii
derrite,suudaithiirrii
gato montés,suurhiai
los tumba,suurhigai
los tira,suurhigai
¿cómo se siente?,tadaga
repartido,takobikikami
cinco,taama
las mitades,taatajukami
de los dientes,taatamudi
patas traseras,tantarrai
tabla,tabula
de las hebras,taidhirri
puerco,taixorhi
le pidió,taiyi
ayer,takâbu
gallo,takûkilaha
gallina,takûku
aquí,tâmi
amelló (algo filoso),tamúsurhi
pulga,tapiixi
onomástico,taságadirri
cumpleaños,taságadirri
tortilla,taxkarhi
televisión,telebisión
granizo,tiayi
jefe,tianidami
tobillo,tianixi
mándalo,tiañifi
en el cielo,tibágiana
azul,tibákami
intercambio de alimento,tibhaimo
mucho rato,tibirpi
tiempo,tibirpi
tuza,tibóki
lo encontró,tii
encuéntralo,trigaiñi
chihuite,tribirhi
laurel,tribirhi
verde,tridogikami
cómo se llama,tirgidhi
arriba,trikabi
para arriba,trikabiaku
ardilla de piedra,tiikurhi
barbón,tiifiborhi
mano para metate,tipai
fierro de herrar,tipakarroi
el nombre,titiarradi
cueva,tijoi chobai
camaleón,timôsakarra
pinte,tintamadaiñi
coloree,tintamadaiñi
parejo,tipârhiki
juego,titribi
jugadores,titribidami
jugaba,titribiithadai
juegue,titribiñi
piensa,titlibili
piénsale,tigithofi
guajolote,toba
colona,toba
servilleta,tobhikarrui
blanco,tojdkami
corcobé,tokobi
ninguna cosa,tomarhi jimô chumaaxi
alumbrado,tonorhi
iluminado,tonorhi
alumbrarle,tonôrhidha
a la luz del sol,tonôrhigadi tâsai
caliente,tôfi
conejo,tooxi
toribio,torhibi
traje,torrojo
calandria,torroxírhi
hormiga,totôñi
mariposa,totookimarra
tiene espuma,totosa
tren,tren
troca (camión),troka
encino,tuaiyi
picacho,tubídhaki
nueve,tubuxthaama
baile yumare,tudaidhagai korhiasafi
es de él,tuidhadi
pertenencia,tuidhaga
"bolear maíz, frijol",tuithai
noche,tukági
negro,tukükami
el negro,tukükidi
mugre,tukürragai
tecolote,tukuurrai
qué,tumaaxi
tamal,tumaithi
cualquiera,tumaxiankidi
con qué,tumaxikidi
dinero,tumínxi
hacha,tupúrrai
va bailando,tuudakimi
bailadores,tuutudakidami
van a estar bailando,tuutudakidamu
van a estar bailando,ogó
se está apagando,tuukimi
cuerpo,tuukugai
brasas (carbón),tuuparhi
en las nalgas,tuupurhiana
los está poniendo,tuutusai
plantando,tuutusai
muñecos,tuutuxí
muñecos,ubíxi
lagartija,tuxiburhi
capulin (árbol),ubági
bastón de gobernador,úchai
autoridad tradicional,úchai
judas,udáxi
una ramada de casa,ukúsai
adobe,uupasii
está en brama,úbarhi
zorrillo,uupai
calor,úkarhigai
pájaro,úrugi
flechas de carrizo,újúyi
cartuchos,újúyi
palo,úxi
palos,úxi
está tibio,uuka
está tibiado,uukadhi
apunta,urhïxai
le apunta,úrhixidhi
está calentado,úkadhi
con pico,usûkami
del pico,usâdi
pene,úrruxi
órgano sexual del hombre,úrruxi
tarde,urrūnoko
se está haciendo tarde,urrūñimi
tardeseo,úrrui
muñeco,ubīxi
lagarto venenoso,unūdagai
acompañado de amistad,urrābidhikami
frijol de estaca,ūxian bhābi
de dónde,xiādirri
de dónde mero (afirmación),xiadhirri
dónde,xāku
el que,xankidi
el que es,xānxi irri
si como,xi dukātai
qué se haría,xi gi i iduiyi
qué le irá hacer,xi iahiuñimo ogó
qué se irá hacer,xi tuidhimo ogó
no (algo de duda),xiadirri
chiva,xibātu
chivas,xīxībatu
ahora,xībi
amargo,xibūkami
enrollado,xidhōrhidhi
está bonito,xīgiana maaxi
qué tan,xii
por alguna parte,xiibhika
chile piquín,xiiburhi
isidro,xiidhiurro
hermano mayor,xiigidhii
de cuántos,xiijiki
mamila,xiikarrui
cuajo,xiikarrui
cuánto,xiliki
machacado,xiimuhi
está clavado,xiixapidhi
lo clavado,xiixapidhikami
área,xiixi juukami
el que tiene esquina,xiixokami
mamó,xiiyi
alrededor,xikōrhi
redondo,xikorrakami
redondos,xixikorrakami
el que haya sido,xiorraipirri
mañana,xiorroko
chicharos,xixarrui
estrellas,xixiabugai
lo va a enterrar,yaasa ágai
es mentiroso,yaatabuga
ropa,yiukuxi
está pizzando,yōbai
cosechando,yōbai
dulce,yōbi
tose,yoogii
toser,yoogii
rugir del granizo,yoonii
manzanilla (árbol),yoorhi
hongo,yoorra
papas,yootobarra
pariente,jadduñi
compañeros,j dadundhii
parientes,j dadundhii
esquite,jaaki
maíz tostado,jaaki
comal,jaakurrai
cajete de barro,jaasorhi
cazuela,jaasorhi
ollas,jajaayi
hojas,jágadi
chauti,jarrásdathi
pegamento de planta,jarrásdathi
lo va a pegar,jarrastuda
está trabajando,j atabualyi
plática,jatági
platica,j ataagafia
le platica,j ataagidhi
tira (un líquido),jaxthai
va tocando (música),jibaimi
piojo blanco,jibápita
aire,jibirhi
ubar,jibithokai
se fue,jii
pestaña,ji'bo
cejas,ji'bo
solo,ji'igi
tripas,jijji
número,ji'ikaldharra
semana,ji'ikarhi
contó,ji'ikarhi
anda perdido,ji'iki jii
los perdió,ji'iki suurhi
se perdió,ji'iki jii ogō
está agrio,ji'iko
bien agrio,ji'ikokami
aparte,ji'ikobai
naranja,ji'ikorhi
imponerse (va a adaptarse),ji'mada
se está imponiendo (adaptando),ji'madaimi
se impuso (adaptó),jiimagi
otro,jiimo
de uno en uno,jiipu
hay (haber),jiipu
hubiera habido,jiipukamudai ogō
hubiera,jiipukamudai
hilo,jiirui
almagre,ji'itai
tierra roja que se usa para pintar ollas de barro,ji'itai
es mañoso,ji'ixibuga
es ratero,ji'ixibuga
mañoso,ji'ixibugami
ratero,ji'ixibugami
robar,ji'ixidha
sembró,ji'iyi
se fueron,ji'ji
brazo,jika
numeración,jikaldharragai
hace mucho,jiki
en la mañana,jikiamoko
recorta,jikiarsaihi
ombligo,jiku
junto con él,jimādi
junto con él,jimádo goo
juntó,jimāpi
júntelo,jimāpidhaihi
una caminata,jimīdha
sigue,jimiiga
en otro,jimīirri
hágalo caminar,jimīthudaihi
uno,jimōko
un,jimō
grita,jiñakai
va gritando,jiñākimi
jipi jimai,
también,jipi
es igual,jipiamaaxi
hace frío,jipīdhi
si hace frío,jipīdhīaba
primero,jipiga
otra vez,jipipi
vestido,jipūrrai
de las cáscaras,jirhìadī
dueño de la siembra,jisikami
siboli (cría de rana),jīthorhi
piedra,jōdai
piel,jōgi
aguja,joiyi
aguja,oiyi
te gusta,jojoidhipixi
costillas,jōnoma
tlacuache,joobi
se movió,jooiñitha
en la orilla,jugidhirri
pinón,jūkui ibhaidha
pino,jūkui
pinos,juukui
de los pinos,juukuandirri
del pino,jukuandirri
abuela,jūrhi
abuela de ella,jūrhidhii
abajo,jūta
nuevo,jutudai
uña,jutūdi
bolear en una carrera de bola,jutuifarragai
hojas de maíz para tamales,junrui jirhidha
polilla del maíz,junrui maamarradi
lo suelta,juupasai
 El sol es caliente,Gu tanár 'as 'iiñ.
 La casa es grande,Gu ki' gaa'.
El agua está fría,Gu suudai 'as s-ï'ïrï.
 La piedra es dura,Gu oot 'as s-kï'ï.
El cielo es azul,Gu tukár 'as s-tuu.
 La noche es oscura,Gu tukár 'as s-tuk.
 El hombre es alto,Gu ñiokïrï gaa'tar.
 La mujer es buena,Gu uvï 'as k'aichu.
 El niño es pequeño,Gu 'aalï 'ï'ïr.
 El perro es negro,Gu goks s-tuk.
 El maíz es amarillo,Gu sun s-'am.
 Mi sombrero es nuevo,Gu ñi-vïsom piam.
 Yo como frijoles,Añiñi'ñ ku'a gu muun.
 Tú bebes agua,Mupï'ï 'ii gu suudai.
 El perro corre,Gu goks s-va'a.
 El pájaro canta,Gu 'u'usï s-ñiokï.
 Mi padre trabaja,Gu ñi-tat tu'iiñ.
 Mi madre duerme,Gu ñi-nan kï'chï.
 El niño juega,Gu 'aalï s-kua'nï.
 Yo veo la montaña,Añiñi'ñ tu'i gu duukïrï.
 Él camina en el campo,Mi'a gu gï'gï daam.
 Yo vivo aquí,Añiñi'ñ ja'p ki'chïg.
 Tengo hambre,Añiñi'ñ vï'pïrï.
 El hombre tiene un caballo,Gu ñiokïrï 'itïrï gu kavai.
 La mujer tiene una olla,Gu uvï 'itïrï gu 'o'gïrï.